Theme,Word,Left,Right
Golden Knights,Hill,HI,LL
Golden Knights,Saad,SA,AD
Golden Knights,Hague,HA,GUE
Golden Knights,Holtz,HO,LTZ
Golden Knights,Hertl,HE,RTL
Golden Knights,Smith,SM,ITH
Golden Knights,Stone,ST,ONE
Golden Knights,Eichel,EIC,HEL
Golden Knights,Howden,HOW,DEN
Golden Knights,Hutton,HUT,TON
Golden Knights,McNabb,MCN,ABB
Golden Knights,Schmid,SCH,MID
Golden Knights,Cormier,COR,MIER
Golden Knights,Hanifin,HAN,IFIN
Golden Knights,Kolesar,KOL,ESAR
Golden Knights,Korczak,KOR,CZAK
Golden Knights,Lindbom,LIN,DBOM
Golden Knights,Pearson,PEA,RSON
Golden Knights,Karlsson,KARL,SSON
Golden Knights,Olofsson,OLOF,SSON
Golden Knights,Samsonov,SAMS,ONOV
Golden Knights,Schwindt,SCHW,INDT
Golden Knights,Theodore,THEO,DORE
Golden Knights,Barbashev,BARB,ASHEV
Golden Knights,Dorofeyev,DORO,FEYEV
Golden Knights,Laczynski,LACZ,YNSKI
Golden Knights,Rondbjerg,ROND,BJERG
Golden Knights,Whitecloud,WHITE,CLOUD
Golden Knights,Pietrangelo,PIETR,ANGELO
